supertype,subclass,top5_in_panel,top5_genes,top10_in_panel,top10_genes,top20_in_panel,top20_genes,median_depth_merfish,median_depth_xenium,n_cells_xenium,depth_range_subclass,min_separation,layer_distinct,crumblr_logFC,crumblr_fdr,density_logFC,density_fdr,confidence
L2/3 IT_8,L2/3 IT,0,,0,,0,,0.2376476756150348,0.2739491279543445,8357.0,0.2646337545583066,0.03217617475433071,False,-0.541960260304806,0.0316731053649876,-0.4432242011195653,0.1103984559054764,LOW
L5/6 NP_3,L5/6 NP,1,SEMA5A,2,SEMA5A; SDK1,2,SEMA5A; SDK1,0.6493233446271096,0.6088391849784247,889.0,0.010373739005344107,0.0032089046895887874,False,0.69955359651544,0.0377935279300325,0.713017991149808,0.0673499155689643,MEDIUM
Pvalb_13,Pvalb,1,TRHDE,1,TRHDE,2,TRHDE; SEMA5A,0.737596137206345,0.5899299508519411,684.0,0.5611991434268891,0.017566635029693245,False,-0.692623846857569,0.0377935279300325,-0.6693315031575773,0.1324573175423395,LOW
Pvalb_6,Pvalb,1,CDH12,1,CDH12,1,CDH12,0.4648362327305633,0.4641101885457724,4593.0,0.5611991434268891,0.06946579826412647,False,-0.402614844281943,0.0377935279300325,-0.3627601319048669,0.280937600869409,LOW
Pax6_3,Pax6,0,,0,,0,,0.3622663670812098,0.2733624822722711,520.0,0.2373642036290275,0.09681271156582338,False,-0.569959948904849,0.0377935279300325,-0.4985781006590234,0.1161916104054095,LOW
Pericyte_1,VLMC,1,PLCE1,1,PLCE1,1,PLCE1,0.4547152827416209,0.347080670211644,3808.0,0.07893698754956746,0.07893698754956746,False,0.712501161329008,0.0452940393941944,0.7839578519698124,0.1161916104054095,LOW
Sst_3,Sst,0,,0,,0,,0.4864761323883867,0.4617151877131984,2353.0,0.6219978107039386,0.056544927645603926,False,-0.585755928302898,0.0452940393941944,-0.5919143586832575,0.1628453281675495,LOW
L6b_5,L6b,0,,0,,0,,0.7760798410529812,0.8484824778454348,901.0,0.09709823755042613,0.020207319932420975,False,0.831672165727397,0.0567636536050627,0.8580841062411716,0.2051945644322635,LOW
Sst_25,Sst,0,,1,CDH12,2,CDH12; ADRA1A,0.3149984942734564,0.2175351752011032,1414.0,0.6219978107039386,0.007776216104419698,False,-0.686349389429451,0.0569016071456585,-0.8895234023674164,0.1814254860493496,LOW
Vip_12,Vip,1,TRPC6,1,TRPC6,1,TRPC6,0.3641501441348502,0.2661766839592413,1799.0,0.38363344324376525,0.033716312506185286,False,-0.402371720165354,0.0603911013185578,-0.3818706769491626,0.309943936840126,LOW
Oligo_4,Oligodendrocyte,1,OPALIN,1,OPALIN,3,OPALIN; CNDP1; OLIG1,0.6571002843362944,0.5802858474237376,74768.0,0.04868738075866763,0.020497197113980126,False,-0.538421385577205,0.0763315354001121,-0.384487359514725,0.1324573175423395,LOW
L4 IT_4,L4 IT,0,,1,PLCH1,2,PLCH1; OTOGL,0.4834835610456175,0.5524121404194949,2345.0,0.09175606527784874,0.014102934376420628,False,-0.353532888993894,0.0763315354001121,-0.2878992264529282,0.309943936840126,LOW
L6b_4,L6b,1,TRPC6,2,TRPC6; HS3ST4,2,TRPC6; HS3ST4,0.8417112705960776,0.8612484404198568,176.0,0.09709823755042613,0.007959295225262841,False,0.901464805807637,0.0763315354001121,1.249827290805511,0.1161916104054095,MEDIUM
L2/3 IT_10,L2/3 IT,0,,1,CTNNA3,1,CTNNA3,0.3143280968447043,0.3440816363166145,6868.0,0.2646337545583066,0.0049881607048752885,False,-0.396750338097442,0.0812884396953819,-0.2734592583541916,0.309943936840126,LOW
Vip_15,Vip,0,,2,THSD7B; SDK1,3,THSD7B; SDK1; CXCL14,0.3275256449176629,0.3495456477628225,1563.0,0.38363344324376525,0.001989002350996083,False,-0.339044157839365,0.0857045447108454,-0.2669613074570822,0.309943936840126,MEDIUM
Sst_5,Sst,2,BRINP3; THSD7B,2,BRINP3; THSD7B,3,BRINP3; THSD7B; SPON1,0.7402868500823627,0.6608517592102084,1437.0,0.6219978107039386,0.011319449441588358,False,0.437140369301383,0.0929368331947075,0.512526163988515,0.2123427932909053,MEDIUM
Micro-PVM_2,Microglia-PVM,1,P2RY12,2,P2RY12; HS3ST4,2,P2RY12; HS3ST4,0.3480599966398361,0.4294777281931263,4704.0,0.1735881034713871,0.12279193764850771,True,-0.632469738170106,0.0929368331947075,-0.6938623381594898,0.2571361304575083,HIGH
Vip_23,Vip,0,,0,,1,SDK1,0.4537236510991982,0.5141323394138873,2306.0,0.38363344324376525,0.018667936843876298,False,-0.281291462280914,0.0929368331947075,-0.1764460597995449,0.4375861487663041,LOW
L6 CT_4,L6 CT,0,,0,,1,CDH12,0.8101052167736797,0.7814466787687024,3209.0,0.05793215867367285,0.0009022185728229104,False,0.420575545006374,0.095317782982263,0.5496411227200412,0.2188539142798153,LOW
Pvalb_10,Pvalb,0,,0,,0,,0.7623353584562067,0.6547665206560943,1475.0,0.5611991434268891,0.014658902610333535,False,-0.37726852152787,0.106534606914688,-0.3013812894710634,0.309943936840126,LOW
L6b_2,L6b,0,,1,CRYM,2,CRYM; ANO3,0.8496705658213405,0.8403054779202914,314.0,0.09709823755042613,0.0031368991978469873,False,0.581973631329709,0.118214096131337,0.8556514714293091,0.0673499155689643,LOW
L5 IT_1,L5 IT,1,TSHZ2,1,TSHZ2,1,TSHZ2,0.5985808781787054,0.5623710708245842,2119.0,0.10588196586141585,0.00501343102691032,False,0.29095052444344,0.124488352399186,0.4249380823030745,0.1324573175423395,LOW
Sst_2,Sst,0,,1,BTBD11,1,BTBD11,0.3863598456999736,0.3192887752225759,1309.0,0.6219978107039386,0.07136135142651723,False,-0.331763936609745,0.124488352399186,-0.2805018702916784,0.4835799973222009,LOW
L6b_1,L6b,0,,2,VCAN; SORCS1,3,VCAN; SORCS1; THSD7B,0.8528074650191875,0.8223409284562715,42.0,0.09709823755042613,0.0031368991978469873,False,0.682212353508847,0.124488352399186,1.031672508410431,0.3928465943510079,MEDIUM
L2/3 IT_2,L2/3 IT,1,SEMA5A,1,SEMA5A,1,SEMA5A,0.3070953317036796,0.2637581110157481,12671.0,0.2646337545583066,0.007232765141024722,False,-0.278186686944651,0.130630704514244,-0.2115596857129235,0.4835799973222009,LOW
Vip_13,Vip,0,,2,RYR3; MYO16,4,RYR3; MYO16; BTBD11; TSHZ2,0.2287665274291329,0.2193440192478996,1702.0,0.38363344324376525,0.011216050586800697,False,-0.351849071039111,0.137572057094714,-0.399350483470456,0.3928465943510079,MEDIUM
L6 IT Car3_1,L6 IT Car3,0,,3,CUX2; CTNNA3; SPON1,3,CUX2; CTNNA3; SPON1,0.6064449027542703,0.7644180546735561,2101.0,0.13845111702619428,0.083789740684592,False,0.453922916927654,0.137572057094714,0.6136347479177401,0.3928465943510079,HIGH
Sst_11,Sst,0,,0,,4,CUX2; HTR2C; NXPH2; CDH12,0.2093355729669632,0.2353662209634718,3139.0,0.6219978107039386,0.026620813354273104,False,0.282496970883592,0.172785602244495,0.4054772269477623,0.1324573175423395,LOW
Vip_11,Vip,1,RYR3,1,RYR3,1,RYR3,0.2152201626820961,0.2582343862743472,972.0,0.38363344324376525,0.002330314160236102,False,-0.244576419217735,0.172785602244495,-0.1619737670389681,0.606651980162091,LOW
L5 IT_6,L5 IT,0,,0,,0,,0.5816066167713898,0.5079118215721218,17422.0,0.10588196586141585,0.011960830380405296,False,-0.27212817261492,0.192904519209482,-0.1677252192110298,0.4835799973222009,LOW
Lamp5_5,Lamp5,0,,2,PLD5; RELN,3,PLD5; RELN; CXCL14,0.0798591258134633,0.0920938661261901,2187.0,0.3854888231913217,0.014995602484074597,False,-0.28592961779537,0.213463140753146,-0.2234585963569302,0.4431636547438612,MEDIUM
Lamp5_2,Lamp5,0,,0,,1,NTNG1,0.4115490646238177,0.4492126763522222,3873.0,0.3854888231913217,0.04698541326189348,False,-0.22896541348668,0.213463140753146,-0.173059697813523,0.6012314593874274,LOW
Pvalb_15,Pvalb,1,SULF1,1,SULF1,2,SULF1; FGFR2,0.5343020309946898,0.5262797483316135,6071.0,0.5611991434268891,0.06946579826412647,False,-0.278729064536414,0.241228900479076,-0.1986013196408985,0.4835799973222009,LOW
L5 ET_2,L5 ET,0,,0,,1,CEMIP2,0.6079532602390725,0.5799486964700766,2488.0,0.03932754421322315,0.03932754421322315,False,-0.316287547707737,0.252232432766359,-0.2800851441842918,0.3928465943510079,LOW
Vip_2,Vip,1,HTR2C,3,HTR2C; TSHZ2; DCN,4,HTR2C; TSHZ2; DCN; NXPH2,0.3304338316286649,0.3760657902096463,1432.0,0.38363344324376525,0.0009191843600059313,False,-0.25439645331803,0.260365127150377,-0.1334211240194625,0.606651980162091,HIGH
Astro_2,Astrocyte,0,,0,,2,ARHGAP24; WIF1,0.4672809712117832,0.4588484340401191,81968.0,0.40498745306664385,0.09754911706855418,False,-0.229636325476723,0.266411342068613,-0.1412507419093344,0.4367998758158614,LOW
L6 CT_1,L6 CT,0,,1,SAMD5,3,SAMD5; SORCS1; RYR3,0.8567227492559728,0.85457483349619,325.0,0.05793215867367285,0.045715313909470146,False,0.620663024851103,0.267394771603414,1.0611064350567267,0.195741197130863,LOW
Oligo_2_1-SEAAD,Oligodendrocyte,0,,0,,0,,0.622164329964317,0.5968016332591702,19177.0,0.0,0.0,False,0.376849195238846,0.279926805418506,0.5648066304187388,0.1324573175423395,LOW
L4 IT_1,L4 IT,0,,0,,1,HS3ST4,0.5611366919470456,0.5613789995584944,12267.0,0.09175606527784874,0.03747523854879631,False,0.260312833170207,0.317690438602864,0.3235078190097398,0.2472090748017662,LOW
Pax6_2,Pax6,0,,1,SPHKAP,4,SPHKAP; ANGPT1; EYA4; HTR2A,0.2371871199288186,0.1764800663172818,2099.0,0.2373642036290275,0.028266535586567804,False,-0.200711860324109,0.317690438602864,-0.1398231727733286,0.7861236591863822,LOW
Sst_23,Sst,0,,1,TMEM132C,3,TMEM132C; NXPH2; HTR2C,0.1827147596126901,0.1964237744903318,253.0,0.6219978107039386,0.026620813354273104,False,-0.322722669102751,0.317690438602864,-0.1277097721194326,0.7655696255285502,LOW
L5/6 NP_2,L5/6 NP,1,CDH12,1,CDH12,1,CDH12,0.6536719668016047,0.6283291165675782,1168.0,0.010373739005344107,0.0011397174849062663,False,0.21302548187084,0.328401064918428,0.3044357807378811,0.2571361304575083,LOW
Vip_19,Vip,0,,0,,0,,0.547784619532303,0.5088970450237826,2076.0,0.38363344324376525,0.09406096843310474,False,-0.212608782260273,0.339979611386048,-0.1192171209380254,0.7655696255285502,LOW
Pvalb_5,Pvalb,1,CDH12,1,CDH12,2,CDH12; SYNPR,0.2904107513478899,0.2658206810261244,844.0,0.5611991434268891,0.07461563370823882,False,-0.268648871232526,0.373207336750964,-0.2684751578404707,0.8274176710394193,LOW
Astro_3,Astrocyte,1,VCAN,1,VCAN,1,VCAN,0.6149476097798571,0.8670163067247831,270.0,0.40498745306664385,0.14766663856807388,True,0.70433983697753,0.373207336750964,1.1295183720263706,0.606651980162091,MEDIUM
Sst_4,Sst,2,THSD7B; BRINP3,3,THSD7B; BRINP3; NDST4,3,THSD7B; BRINP3; NDST4,0.7289674006407744,0.726067166325894,644.0,0.6219978107039386,0.0013699373221528477,False,0.247480406899653,0.373207336750964,0.3647597274683191,0.4287509793869548,HIGH
OPC_2_1-SEAAD,OPC,0,,0,,0,,0.5043371946650136,0.4001026372606087,22779.0,0.015526826928131399,0.015526826928131399,False,-0.175633464884473,0.373207336750964,-0.05042768048821,0.6012314593874274,LOW
VLMC_1,VLMC,1,TMEM132C,1,TMEM132C,2,TMEM132C; CEMIP,0.4544878851785364,0.3999533540754449,371.0,0.0,0.0,False,0.604991229475123,0.373207336750964,0.155578406733996,0.7317032934501584,LOW
Sncg_5,Sncg,2,TSHZ2; THSD7B,3,TSHZ2; THSD7B; NTNG1,3,TSHZ2; THSD7B; NTNG1,0.0801271190726906,0.0865598984427666,841.0,0.11442495530025559,0.027140954206896703,False,-0.251837016531456,0.413449682513988,-0.1490094723814384,0.7655696255285502,HIGH
OPC_1,OPC,0,,0,,1,SEMA5A,0.5765967858202499,0.551686755321966,834.0,0.0,0.0,False,-0.188740998827196,0.413449682513988,-0.1149040031901075,0.7655696255285502,LOW
L4 IT_2,L4 IT,0,,0,,1,LYPD6B,0.5236614533982493,0.5512284346194801,13997.0,0.09175606527784874,0.03747523854879631,False,-0.217161771163533,0.413449682513988,-0.1314789186678459,0.8252159283291751,LOW
L5 IT_7,L5 IT,1,SLIT3,2,SLIT3; SORCS1,2,SLIT3; SORCS1,0.6537945720659218,0.5905296907246677,9108.0,0.10588196586141585,0.033694010566883814,False,-0.251496305336374,0.466775528223206,-0.2072953765355899,0.4703705454394397,MEDIUM
Pvalb_12,Pvalb,3,CNTNAP3B; BRINP3; PLD5,3,CNTNAP3B; BRINP3; PLD5,4,CNTNAP3B; BRINP3; PLD5; SULF1,0.7200295021766517,0.6085254345514084,1692.0,0.5611991434268891,0.007146525118384983,False,0.199484662382788,0.473492498894623,0.3319114392752624,0.2188539142798153,HIGH
Vip_18,Vip,0,,0,,2,TRHDE; THSD7B,0.4350557142553219,0.4306834895211606,1649.0,0.38363344324376525,0.018667936843876298,False,-0.155367508939247,0.473492498894623,-0.0247477588442347,0.9694148485910544,LOW
Vip_1,Vip,0,,0,,1,RELN,0.2548571046514559,0.2347800856400158,2802.0,0.38363344324376525,0.01492454271983279,False,0.156162377116158,0.473492498894623,0.2234920108886891,0.5965230873579532,LOW
L6 IT_1,L6 IT,0,,0,,0,,0.8180811841679052,0.8277779241760989,4041.0,0.01622691412890198,0.01622691412890198,False,0.244319308151291,0.491001937495971,0.4166698031217355,0.495443422220615,LOW
Vip_4,Vip,0,,0,,2,TRPC6; ANGPT1,0.329514647268659,0.245124314285313,2454.0,0.38363344324376525,0.0009191843600059313,False,-0.131882656631437,0.50222460168492,-0.0706791417056702,0.8252159283291751,LOW
Astro_5,Astrocyte,0,,0,,1,SEMA5A,0.2816276057862183,0.1566639414513336,36649.0,0.40498745306664385,0.07166744907300512,False,-0.144863589278435,0.50222460168492,-0.025441720012332,0.7936498513939663,LOW
Sst_9,Sst,2,SPHKAP; BTBD11,3,SPHKAP; BTBD11; TAC1,4,SPHKAP; BTBD11; TAC1; TMEM132C,0.6012569898612904,0.6066698461456895,922.0,0.6219978107039386,0.034352093963094466,False,-0.161122776027162,0.522316195418202,-0.094326083405398,0.8274176710394193,HIGH
Sncg_6,Sncg,1,CCK,1,CCK,1,CCK,0.1243859464521252,0.1122174141458663,1043.0,0.11442495530025559,0.0071786671232901,False,0.184878322258888,0.522316195418202,0.3105220616898889,0.3928465943510079,LOW
Vip_9,Vip,0,,0,,0,,0.1934618139252338,0.195041013483747,738.0,0.38363344324376525,0.021758348756862306,False,-0.143842417529945,0.522316195418202,-0.1324843640045222,0.9091618837087202,LOW
Lamp5_6,Lamp5,1,SDK1,1,SDK1,2,SDK1; RYR3,0.1054146868279746,0.1258119312901974,1521.0,0.3854888231913217,0.010559958530436703,False,-0.149001641086464,0.522316195418202,-0.0322578418346558,0.8642047814424221,LOW
Sst_12,Sst,0,,1,VCAN,1,VCAN,0.7612772736571891,0.769678883965776,670.0,0.6219978107039386,0.02099042357482639,False,-0.147295704976235,0.522316195418202,-0.1096087959102885,0.82791167846339,LOW
Micro-PVM_2_3-SEAAD,Microglia-PVM,0,,0,,0,,0.4806562692227901,0.4411359195509564,18534.0,0.1735881034713871,0.006196234544318613,False,-0.180729949986415,0.522316195418202,-0.1473519286610546,0.9794445968510403,LOW
Vip_16,Vip,1,THSD7B,1,THSD7B,1,THSD7B,0.2175504768423322,0.2307030271789908,747.0,0.38363344324376525,0.002330314160236102,False,0.126405288194583,0.522316195418202,0.2301095661752724,0.4835799973222009,LOW
Sst_10,Sst,1,SPHKAP,2,SPHKAP; ITGA8,4,SPHKAP; ITGA8; TRPC6; RYR3,0.6743330891592931,0.6062467429003474,3255.0,0.6219978107039386,0.038724005334908274,False,0.130421396659928,0.52485058492975,0.2686020878245529,0.3129479248094118,MEDIUM
Pax6_1,Pax6,1,CDH12,2,CDH12; RELN,2,CDH12; RELN,0.1249021634521823,0.1057396549320439,1801.0,0.2373642036290275,0.1122849564766363,True,-0.162706835444118,0.52485058492975,-0.0931118282946439,0.8188409257846216,HIGH
Vip_5,Vip,0,,0,,1,CCK,0.2776755632603616,0.2010708977583172,673.0,0.38363344324376525,0.0078939158890729,False,0.16092047179863,0.52485058492975,0.1433640258856423,0.7861236591863822,LOW
L6b_6,L6b,2,MEIS2; NPFFR2,3,MEIS2; NPFFR2; KCNH5,3,MEIS2; NPFFR2; KCNH5,0.7962871609854022,0.8414425674902257,3946.0,0.09709823755042613,0.020207319932420975,False,0.254193741939044,0.52485058492975,0.3107602024005811,0.6012314593874274,HIGH
L5 IT_2,L5 IT,0,,2,FSTL4; PTPRZ1,6,FSTL4; PTPRZ1; SORCS1; BRINP3; HS3ST4; COL12A1,0.6151413888295247,0.5924799360840314,6876.0,0.10588196586141585,0.016560510650819316,False,0.132136476802176,0.52485058492975,0.2521247264540699,0.4905817487010693,MEDIUM
Lamp5_3,Lamp5,2,POU6F2; KCNH5,2,POU6F2; KCNH5,2,POU6F2; KCNH5,0.3645636513619242,0.2371948697362073,1806.0,0.3854888231913217,0.04698541326189348,False,-0.126632245383925,0.541706380006157,-0.0633015773618249,0.8188409257846216,MEDIUM
Sncg_3,Sncg,0,,0,,0,,0.1945520743729462,0.1323250123250063,114.0,0.11442495530025559,0.0339433380957275,False,0.180527782701198,0.571160830125339,0.313369083256383,0.5065702542115506,LOW
Pvalb_2,Pvalb,1,SDK1,3,SDK1; CUX2; TMEM132C,5,SDK1; CUX2; TMEM132C; CEMIP; NWD2,0.3922709387782085,0.3498369188036516,2731.0,0.5611991434268891,0.07256529395235478,False,-0.109919555511973,0.57520943965041,0.0373401701796266,0.9694148485910544,HIGH
Pvalb_7,Pvalb,0,,0,,0,,0.7769942610665402,0.831796623572655,55.0,0.5611991434268891,0.014658902610333535,False,-0.235654524035066,0.604193837789291,0.180370018183861,0.9681330034389756,LOW
L2/3 IT_6,L2/3 IT,0,,0,,1,SLIT3,0.1983754382820678,0.1975592694439211,16020.0,0.2646337545583066,0.007096062578636292,False,-0.102046885331411,0.604193837789291,-0.0235128181243114,0.8252159283291751,LOW
Sst_19,Sst,1,RELN,1,RELN,2,RELN; TENM1,0.5430210600339906,0.5539956862413309,3648.0,0.6219978107039386,0.056544927645603926,False,-0.110203095475138,0.604193837789291,-0.005282772288343,0.9681330034389756,LOW
Sst_1,Sst,0,,0,,0,,0.7275974633186215,0.7812170894259887,389.0,0.6219978107039386,0.0013699373221528477,False,0.129739006252749,0.604193837789291,0.3699698611707336,0.280937600869409,LOW
Pvalb_1,Pvalb,0,,0,,3,SLIT3; PLCE1; MEPE,0.663345389733672,0.5894598715086462,295.0,0.5611991434268891,0.04953758732459479,False,0.205704174938115,0.608048454833448,0.2476125488768437,0.8252159283291751,LOW
L6b_3,L6b,0,,1,NPNT,2,NPNT; TSHZ2,0.7557092274687613,0.8411010974486485,481.0,0.09709823755042613,0.020370613584219877,False,0.233473227722629,0.609104131079213,0.1388347268736803,0.82791167846339,LOW
Sncg_2,Sncg,1,THSD7B,1,THSD7B,2,THSD7B; RELN,0.1094433863569482,0.1106890942900277,499.0,0.11442495530025559,0.0021753130773608936,False,0.153792479624658,0.609104131079213,0.250839727895297,0.6012314593874274,LOW
Oligo_1,Oligodendrocyte,0,,0,,0,,0.6775974814502745,0.6350562032482177,5271.0,0.04868738075866763,0.020497197113980126,False,0.143163472694732,0.609104131079213,0.3067916346858467,0.9913997351625962,LOW
L6 CT_3,L6 CT,1,MCTP2,1,MCTP2,3,MCTP2; COL12A1; RXFP1,0.7987905905823,0.7982121215849427,2262.0,0.05793215867367285,0.011314626191379795,False,-0.168335647573415,0.626535660268612,0.0087700675329654,0.9694148485910544,LOW
Pvalb_8,Pvalb,0,,1,SYNPR,2,SYNPR; SST,0.2157951176396511,0.2726364468718239,137.0,0.5611991434268891,0.07461563370823882,False,0.142850199745872,0.658368514144141,0.1295183110989346,0.7655696255285502,LOW
L2/3 IT_7,L2/3 IT,0,,1,MEIS2,1,MEIS2,0.2054715008607041,0.2168334174132579,10403.0,0.2646337545583066,0.007096062578636292,False,0.128593928043207,0.662193052040585,0.2044780268841515,0.606651980162091,LOW
Chandelier_1,Chandelier,0,,0,,1,BRINP3,0.4785864511698124,0.5359745208094727,4121.0,0.2088976454859776,0.2088976454859776,True,-0.104787247416565,0.676775622355654,-0.079243475161628,0.8642047814424221,MEDIUM
L2/3 IT_1,L2/3 IT,1,PDGFD,1,PDGFD,2,PDGFD; MEIS2,0.1826441573313118,0.1913723277664937,32604.0,0.2646337545583066,0.015731280950755988,False,-0.0712995147706615,0.676775622355654,-0.0233462410186003,0.997552027056764,LOW
L6 CT_2,L6 CT,0,,0,,1,TESPA1,0.8110074353465027,0.8168891723678836,2253.0,0.05793215867367285,0.0009022185728229104,False,0.135003993110727,0.676775622355654,0.2449284551535545,0.8642047814424221,LOW
Sst_20,Sst,0,,1,CDH12,2,CDH12; TAC1,0.3072222781690367,0.2953085202956327,3248.0,0.6219978107039386,0.007776216104419698,False,0.0771954623386335,0.683286499301746,0.1742881691429175,0.606651980162091,LOW
Vip_14,Vip,0,,0,,1,CXCL14,0.3138310886470561,0.3355437765539657,176.0,0.38363344324376525,0.013694556270606784,False,-0.114654287704771,0.684487797948646,-0.0359532802571745,0.9609497550997438,LOW
L5/6 NP_4,L5/6 NP,0,,1,BRINP3,1,BRINP3,0.6585462511442799,0.631922012502875,1925.0,0.010373739005344107,0.0011508324881738252,False,-0.0855473427672994,0.706010476528917,0.0208781553256503,0.9523137044794024,LOW
Sst_22,Sst,0,,0,,1,STK32B,0.2454501232514271,0.2620328378430293,2296.0,0.6219978107039386,0.03611455028446389,False,-0.0738585705239524,0.706010476528917,0.0168490328935485,0.9694148485910544,LOW
L5 IT_5,L5 IT,1,PLCH1,1,PLCH1,1,PLCH1,0.5935674471517951,0.5837928919238106,11681.0,0.10588196586141585,0.00501343102691032,False,0.0605944026789413,0.706702193757554,0.1301363726871717,0.2571361304575083,LOW
L5 ET_1,L5 ET,0,,0,,0,,0.5686257160258493,0.541656032804253,5621.0,0.03932754421322315,0.03932754421322315,False,-0.108933681871959,0.706702193757554,-0.0696283377324507,0.8252159283291751,LOW
Oligo_3,Oligodendrocyte,0,,0,,1,OPALIN,0.6289101006916069,0.5766587493697262,11694.0,0.04868738075866763,0.028190183644687505,False,0.0871010562262345,0.707581297391613,0.2750766091591015,0.4287509793869548,LOW
L5/6 NP_6,L5/6 NP,0,,0,,0,,0.6525322493166984,0.6189438340466471,988.0,0.010373739005344107,0.0011397174849062663,False,0.0853316451737896,0.714507684528337,0.2402383615721437,0.5965230873579532,LOW
L2/3 IT_5,L2/3 IT,1,POU6F2,2,POU6F2; RORB,4,POU6F2; RORB; NTNG1; KCNH5,0.4173395615731466,0.3688397879715026,4737.0,0.2646337545583066,0.0016739956144686818,False,0.0695263103072976,0.742606137002684,0.1551843474257757,0.8274176710394193,MEDIUM
Lamp5_4,Lamp5,0,,1,RELN,2,RELN; POU6F2,0.0948547282975379,0.1251105180692154,1623.0,0.3854888231913217,0.010559958530436703,False,-0.0719345323145944,0.742606137002684,0.0131304605520495,0.9609497550997438,LOW
Sst Chodl_1,Sst Chodl,1,THSD4,3,THSD4; ALK; SORCS1,4,THSD4; ALK; SORCS1; NDST4,0.4816466465750201,0.6200671793251421,255.0,0.11956020620290742,0.11956020620290742,True,-0.113204931903,0.742606137002684,0.1389344855031328,0.8676501713961946,HIGH
Lamp5_1,Lamp5,0,,0,,2,NTNG1; CDH4,0.465347949004785,0.5456737349490401,2951.0,0.3854888231913217,0.053798884380967305,False,0.0618349169861881,0.744563388892014,0.2542800970398017,0.5119908160887932,LOW
Sncg_4,Sncg,1,SORCS1,1,SORCS1,2,SORCS1; UNC5B,0.1072680732795873,0.1122431653181177,2064.0,0.11442495530025559,0.0021753130773608936,False,-0.0651111098667935,0.760389378747295,0.0413235616210292,0.9609497550997438,LOW
Pvalb_9,Pvalb,0,,2,BRINP3; THSD7B,3,BRINP3; THSD7B; RIT2,0.7128829770582668,0.6395203022426239,1242.0,0.5611991434268891,0.007146525118384983,False,0.0692659330293305,0.770282743303607,0.1744228500964403,0.7655696255285502,MEDIUM
L5/6 NP_1,L5/6 NP,0,,1,SPON1,2,SPON1; COL12A1,0.6596970836324537,0.6354554585378398,1336.0,0.010373739005344107,0.0011508324881738252,False,0.0642970647076139,0.771491626954341,0.1392913599503479,0.6069054819384524,LOW
Pax6_4,Pax6,0,,1,VWC2L,2,VWC2L; ADRA1A,0.2654536555153864,0.1867833053169333,356.0,0.2373642036290275,0.028266535586567804,False,-0.0702423632042451,0.771491626954341,-0.0101531911671719,0.9849226466801312,LOW
Micro-PVM_1,Microglia-PVM,0,,1,NRP1,2,NRP1; MS4A6A,0.4868525037671087,0.3731443351958775,914.0,0.1735881034713871,0.006196234544318613,False,-0.0864852139050707,0.771491626954341,-0.0851585933422099,0.8642047814424221,LOW
Sst_7,Sst,0,,1,THSD7B,4,THSD7B; BRINP3; LYPD6; PTCHD4,0.8047125703166287,0.7892667640757418,399.0,0.6219978107039386,0.04343529665943957,False,0.069817232063957,0.771491626954341,0.2679021382921869,0.6012314593874274,LOW
L4 IT_3,L4 IT,3,RIT2; LAMA2; CUX2,3,RIT2; LAMA2; CUX2,4,RIT2; LAMA2; CUX2; TESPA1,0.4693806266691969,0.5302745543138411,6668.0,0.09175606527784874,0.014102934376420628,False,-0.0447485985708539,0.792497228389542,0.0323665459103826,0.82791167846339,HIGH
Vip_6,Vip,0,,0,,1,ALK,0.2697816473712887,0.2114559071114051,481.0,0.38363344324376525,0.0078939158890729,False,-0.0577645120305698,0.818002530206643,-0.0889248903588792,0.9882587996198974,LOW
L6 IT Car3_3,L6 IT Car3,1,POU6F2,1,POU6F2,3,POU6F2; MCTP2; HS3ST4,0.7448960197804646,0.7969568376714561,1487.0,0.13845111702619428,0.054661376341602286,False,0.0973941783836305,0.818002530206643,0.1477735384008126,0.8863075668333216,LOW
Chandelier_2,Chandelier,0,,1,CUX2,4,CUX2; ADRA1A; PTCHD4; COL12A1,0.2696888056838348,0.3047205351845884,6837.0,0.2088976454859776,0.2088976454859776,True,0.0306122310162795,0.824649014172653,0.1000677266982243,0.606651980162091,MEDIUM
L2/3 IT_12,L2/3 IT,0,,0,,1,ZBBX,0.3193162575495796,0.3033817617882756,18046.0,0.2646337545583066,0.0049881607048752885,False,-0.0377062930853303,0.824649014172653,-0.0108374097058193,0.9694148485910544,LOW
Sst Chodl_2,Sst Chodl,0,,0,,0,,0.3620864403721127,0.2680784951776355,313.0,0.11956020620290742,0.11956020620290742,True,-0.0514200849378017,0.824649014172653,0.0150097188137544,0.9681330034389756,MEDIUM
Sncg_1,Sncg,1,RELN,1,RELN,2,RELN; PTCHD4,0.1606087362772187,0.2025204112398701,476.0,0.11442495530025559,0.0339433380957275,False,0.0624712802577505,0.833588730455276,0.2634822178735678,0.6696037763357026,LOW
Sst_13,Sst,0,,0,,0,,0.6356090838243849,0.6032876976623248,1976.0,0.6219978107039386,0.034352093963094466,False,-0.0368104974989752,0.853912589010487,0.0483939586683086,0.8737468829505546,LOW
L6 IT Car3_2,L6 IT Car3,1,FSTL4,1,FSTL4,1,FSTL4,0.6902346434388623,0.7996486065997201,1578.0,0.13845111702619428,0.054661376341602286,False,-0.0604161189969415,0.88573064418703,0.049481457533406,0.9681330034389756,LOW
Astro_4,Astrocyte,0,,0,,1,SEMA5A,0.2099601567132132,0.1444632304171304,9576.0,0.40498745306664385,0.07166744907300512,False,0.0363883902190331,0.887967227384346,0.1342096184813539,0.9882587996198974,LOW
L2/3 IT_13,L2/3 IT,0,,2,FSTL4; RIT2,2,FSTL4; RIT2,0.4190135571876153,0.4259252296285107,810.0,0.2646337545583066,0.0016739956144686818,False,0.033505953502286,0.890315378889037,0.1326951312611122,0.8737468829505546,MEDIUM
L5 IT_3,L5 IT,0,,0,,1,NPFFR2,0.6874885826328057,0.613707270336551,502.0,0.10588196586141585,0.033694010566883814,False,0.0326476374024378,0.890315378889037,0.1954791688254119,0.7461998673080573,LOW
Vip_21,Vip,1,SORCS1,1,SORCS1,1,SORCS1,0.1641511762885377,0.201139616565548,2103.0,0.38363344324376525,0.029310637636696085,False,-0.0171113683793131,0.919632066807268,0.1290901666916934,0.8252159283291751,LOW
Sncg_8,Sncg,1,RYR3,1,RYR3,1,RYR3,0.1172072793288351,0.1203372864926325,595.0,0.11442495530025559,0.0071786671232901,False,-0.0142300863874649,0.924024152828607,0.1008262915590921,0.8331489495834901,LOW
L2/3 IT_3,L2/3 IT,2,TRHDE; NTNG1,4,TRHDE; NTNG1; SPHKAP; RORB,4,TRHDE; NTNG1; SPHKAP; RORB,0.4472779118896184,0.3798489777663303,192.0,0.2646337545583066,0.028264354702003114,False,-0.0222102073447991,0.937311097551259,-0.0876014008175168,0.9681330034389756,HIGH
L6 IT_2,L6 IT,1,RIT2,2,RIT2; CDH6,3,RIT2; CDH6; FSTL4,0.8018542700390032,0.8107123101503653,15361.0,0.01622691412890198,0.01622691412890198,False,0.0081718364604555,0.952992924809672,0.1512490941625522,0.9694148485910544,MEDIUM
Astro_1,Astrocyte,1,AQP4,1,AQP4,1,AQP4,,,,,,,,,,,MEDIUM
OPC_2,OPC,0,,1,PTPRZ1,1,PTPRZ1,,,,,,,,,,,MEDIUM
Oligo_2,Oligodendrocyte,0,,0,,0,,,,,,,,,,,,MEDIUM
Pvalb_3,Pvalb,0,,0,,2,SDK1; CEMIP,,,,,,,,,,,MEDIUM
Pvalb_14,Pvalb,2,SORCS1; SDK1,4,SORCS1; SDK1; CUX2; TMEM132C,5,SORCS1; SDK1; CUX2; TMEM132C; NWD2,,,,,,,,,,,HIGH
